PERNR,ENAME,PLANS,STELL,ORGEH,ORGTX,WERKS,HIRE_DATE,TERM_DATE,SALARY,KOSTL,COUNTRY
EMP-01000,Deborah Allen,POS-6558,Senior Accountant,ORG-122,Finance,2000,2018-04-14,,99000,CC-1009,US
EMP-01001,Joshua Sanchez,POS-3955,CFO,ORG-130,Finance,3000,2018-05-11,,223000,CC-1033,MX
EMP-01002,Thomas Hall,POS-7615,Planner,ORG-122,Operations,1000,2025-10-19,,89000,CC-1002,MX
EMP-01003,Richard Nelson,POS-6302,CFO,ORG-130,Finance,1000,2017-08-25,2024-04-12,260000,CC-1047,MX
EMP-01004,Janet Harris,POS-2875,Sales Representative,ORG-116,Sales,1000,2016-10-22,,64000,CC-1048,US
EMP-01005,Nicole Green,POS-8364,Senior Accountant,ORG-144,Finance,2000,2024-10-23,,90000,CC-1041,US
EMP-01006,Steven Young,POS-3655,Sales Director,ORG-147,Sales,2000,2017-03-06,,155000,CC-1034,MX
EMP-01007,Justin Johnson,POS-3302,Procurement Analyst,ORG-151,Supply Chain,1000,2022-04-10,,79000,CC-1050,US
EMP-01008,Barbara Perez,POS-4399,DevOps Engineer,ORG-153,IT,3000,2017-01-09,,126000,CC-1031,US
EMP-01009,Brenda Rodriguez,POS-2161,CFO,ORG-124,Finance,3000,2025-06-05,,226000,CC-1009,MX
EMP-01010,Jessica Young,POS-1369,Software Engineer,ORG-121,IT,1000,2017-02-03,,119000,CC-1019,CA
EMP-01011,Alexander Thompson,POS-9755,Senior Accountant,ORG-104,Finance,3000,2023-08-07,,107000,CC-1034,CA
EMP-01012,Stephanie Flores,POS-8716,AP Specialist,ORG-107,Finance,2000,2018-12-24,,69000,CC-1002,US
EMP-01013,Betty Perez,POS-6400,Senior Accountant,ORG-152,Finance,3000,2016-06-15,2023-07-03,87000,CC-1004,US
EMP-01014,Brian Jones,POS-2320,Sales Analyst,ORG-159,Sales,3000,2020-12-07,2023-07-03,81000,CC-1009,US
EMP-01015,Amy Allen,POS-4731,IT Manager,ORG-119,IT,1000,2025-09-07,,134000,CC-1002,MX
EMP-01016,Jonathan Hill,POS-7342,Sales Representative,ORG-103,Sales,2000,2018-07-04,,75000,CC-1009,US
EMP-01017,Sarah Davis,POS-7024,Sales Representative,ORG-157,Sales,2000,2024-02-18,2024-10-12,82000,CC-1022,US
EMP-01018,Elizabeth Nguyen,POS-9785,Senior Accountant,ORG-148,Finance,3000,2025-10-16,,92000,CC-1001,MX
EMP-01019,Linda Jones,POS-1716,Senior Accountant,ORG-118,Finance,2000,2022-05-20,,93000,CC-1039,US
EMP-01020,Emily Rodriguez,POS-2258,Benefits Coordinator,ORG-107,HR,1000,2023-07-02,,68000,CC-1035,US
EMP-01021,Amanda Anderson,POS-5795,Sales Director,ORG-149,Sales,3000,2023-07-26,,189000,CC-1034,CA
EMP-01022,Anna Allen,POS-8966,Financial Analyst,ORG-126,Finance,2000,2025-06-04,,75000,CC-1014,CA
EMP-01023,Eric Anderson,POS-3325,Planner,ORG-123,Operations,1000,2023-09-02,,72000,CC-1045,US
EMP-01024,Joseph Johnson,POS-7294,Sales Representative,ORG-137,Sales,2000,2017-01-10,,69000,CC-1006,US
EMP-01025,Deborah Young,POS-4677,CFO,ORG-102,Finance,1000,2022-01-19,,223000,CC-1012,US
EMP-01026,Raymond Martin,POS-1425,AP Specialist,ORG-159,Finance,3000,2017-11-04,,70000,CC-1022,CA
EMP-01027,Dennis Nguyen,POS-8111,Software Engineer,ORG-153,IT,2000,2017-07-12,,110000,CC-1047,CA
EMP-01028,Susan Scott,POS-9761,Sales Director,ORG-160,Sales,2000,2021-07-20,,185000,CC-1037,MX
EMP-01029,Dorothy Hernandez,POS-4903,Inside Sales Rep,ORG-159,Sales,1000,2026-02-18,,67000,CC-1018,MX
EMP-01030,David Thomas,POS-1632,HR Manager,ORG-125,HR,3000,2023-03-25,,115000,CC-1024,US
EMP-01031,Katherine Roberts,POS-6259,HR Business Partner,ORG-136,HR,2000,2016-10-19,2023-05-10,84000,CC-1012,US
EMP-01032,Cynthia Williams,POS-4569,Quality Engineer,ORG-135,Operations,2000,2025-08-25,,104000,CC-1038,CA
EMP-01033,Brandon Scott,POS-5524,Plant Manager,ORG-116,Operations,2000,2016-07-23,,144000,CC-1032,US
EMP-01034,Charles Flores,POS-1630,Procurement Analyst,ORG-141,Supply Chain,1000,2018-08-18,,80000,CC-1033,MX
EMP-01035,Jennifer Scott,POS-5244,Logistics Coordinator,ORG-145,Supply Chain,2000,2026-02-14,,62000,CC-1044,MX
EMP-01036,Anna Rivera,POS-2269,AP Specialist,ORG-106,Finance,3000,2021-04-30,,60000,CC-1008,US
EMP-01037,Michelle Torres,POS-5638,Quality Engineer,ORG-127,Operations,1000,2026-01-10,,88000,CC-1021,US
EMP-01038,Edward Adams,POS-1510,Quality Engineer,ORG-118,Operations,1000,2022-03-05,,112000,CC-1003,US
EMP-01039,Emma Johnson,POS-9368,AP Specialist,ORG-120,Finance,3000,2017-07-19,,60000,CC-1048,US
EMP-01040,Brian Wilson,POS-3458,Sales Analyst,ORG-146,Sales,2000,2017-10-02,2024-07-24,66000,CC-1042,US
EMP-01041,Larry Allen,POS-2986,HRIS Analyst,ORG-134,HR,3000,2017-05-09,,95000,CC-1004,US
EMP-01042,Eric Lewis,POS-5801,Maintenance Tech,ORG-136,Operations,1000,2022-08-14,,58000,CC-1016,MX
EMP-01043,Sandra Robinson,POS-7716,Plant Manager,ORG-128,Operations,2000,2025-05-30,2025-12-01,155000,CC-1023,US
EMP-01044,Katherine Walker,POS-4764,Recruiter,ORG-126,HR,3000,2017-01-08,,74000,CC-1009,CA
EMP-01045,Edward Baker,POS-5700,Recruiter,ORG-150,HR,2000,2022-10-14,,78000,CC-1008,US
EMP-01046,Charles Torres,POS-8439,Account Manager,ORG-156,Sales,1000,2024-06-07,,111000,CC-1008,US
EMP-01047,Carolyn Walker,POS-8068,Procurement Analyst,ORG-102,Supply Chain,1000,2018-07-26,2026-04-10,77000,CC-1011,CA
EMP-01048,Deborah Ramirez,POS-4955,Operations Analyst,ORG-135,Operations,3000,2023-01-06,,87000,CC-1008,US
EMP-01049,Carol Nguyen,POS-1741,HRIS Analyst,ORG-146,HR,1000,2018-01-08,,79000,CC-1023,CA
EMP-01050,Benjamin Lewis,POS-3205,Buyer,ORG-130,Supply Chain,3000,2024-03-31,,77000,CC-1047,MX
EMP-01051,Angela Garcia,POS-8430,Software Engineer,ORG-123,IT,2000,2022-09-17,,119000,CC-1029,US
EMP-01052,Kimberly Roberts,POS-1791,Senior Accountant,ORG-121,Finance,3000,2020-07-01,,89000,CC-1034,US
EMP-01053,Jason Jackson,POS-3346,Quality Engineer,ORG-111,Operations,1000,2017-03-05,,95000,CC-1048,CA
EMP-01054,Sharon King,POS-2629,Planner,ORG-120,Operations,2000,2023-02-10,,87000,CC-1011,US
EMP-01055,Jeffrey Anderson,POS-2738,IT Manager,ORG-116,IT,1000,2018-10-31,,154000,CC-1018,US
EMP-01056,Angela Carter,POS-9844,Software Engineer,ORG-102,IT,3000,2017-05-06,,119000,CC-1013,US
EMP-01057,Patricia White,POS-7987,IT Manager,ORG-136,IT,3000,2021-04-25,,154000,CC-1034,US
EMP-01058,Joseph Rivera,POS-9081,Procurement Analyst,ORG-127,Supply Chain,2000,2025-05-01,,85000,CC-1009,CA
EMP-01059,Joseph Thompson,POS-3567,Senior Accountant,ORG-120,Finance,3000,2022-07-18,,101000,CC-1018,US
EMP-01060,Gregory Roberts,POS-8100,Controller,ORG-102,Finance,1000,2018-05-25,,152000,CC-1034,US
EMP-01061,Raymond Green,POS-7163,Financial Analyst,ORG-137,Finance,1000,2018-10-02,,73000,CC-1013,US
EMP-01062,Nancy Campbell,POS-2453,Sales Director,ORG-140,Sales,3000,2016-09-10,2023-09-06,150000,CC-1047,MX
EMP-01063,Gary Scott,POS-7851,Recruiter,ORG-102,HR,3000,2023-05-10,,80000,CC-1040,US
EMP-01064,Samantha Thompson,POS-5916,Sales Analyst,ORG-111,Sales,1000,2016-06-28,,79000,CC-1019,US
EMP-01065,Benjamin Sanchez,POS-2581,HR Manager,ORG-118,HR,1000,2025-01-16,,122000,CC-1049,MX
EMP-01066,Laura Lee,POS-6224,Systems Admin,ORG-129,IT,3000,2025-01-11,,75000,CC-1023,US
EMP-01067,Kathleen Young,POS-5766,Benefits Coordinator,ORG-101,HR,2000,2020-08-12,,72000,CC-1014,CA
EMP-01068,Linda Scott,POS-7412,Maintenance Tech,ORG-126,Operations,2000,2021-07-15,2026-01-10,66000,CC-1026,US
EMP-01069,Janet Anderson,POS-4625,Plant Manager,ORG-126,Operations,3000,2016-06-26,,139000,CC-1011,US
EMP-01070,Joseph Flores,POS-1326,HR Manager,ORG-134,HR,3000,2026-01-25,,108000,CC-1025,US
EMP-01071,Amanda Roberts,POS-4448,HR Business Partner,ORG-133,HR,2000,2020-04-19,,99000,CC-1013,CA
EMP-01072,Ronald Rivera,POS-7125,IT Manager,ORG-158,IT,2000,2021-09-01,,148000,CC-1014,US
EMP-01073,Mary Williams,POS-8944,AP Specialist,ORG-125,Finance,1000,2024-07-18,,58000,CC-1019,US
EMP-01074,Jerry Hall,POS-7190,Software Engineer,ORG-107,IT,3000,2021-10-23,,108000,CC-1009,MX
EMP-01075,David Jones,POS-7805,AP Specialist,ORG-148,Finance,1000,2026-02-20,,69000,CC-1048,MX
EMP-01076,Karen Miller,POS-6114,Inventory Analyst,ORG-112,Supply Chain,2000,2021-07-15,,85000,CC-1033,MX
EMP-01077,Ryan Gonzalez,POS-8723,Controller,ORG-136,Finance,2000,2023-01-15,,155000,CC-1028,US
EMP-01078,Brenda Moore,POS-9300,Sales Director,ORG-134,Sales,1000,2022-01-06,,188000,CC-1002,CA
EMP-01079,Melissa Carter,POS-1407,HR Business Partner,ORG-136,HR,2000,2017-08-28,,93000,CC-1015,US
EMP-01080,Susan Adams,POS-2370,Maintenance Tech,ORG-140,Operations,1000,2020-01-06,,57000,CC-1011,US
EMP-01081,Emma Thomas,POS-8758,Senior Accountant,ORG-153,Finance,3000,2018-03-13,2026-01-26,92000,CC-1037,MX
EMP-01082,Steven Clark,POS-6266,Maintenance Tech,ORG-102,Operations,3000,2019-12-19,2024-06-23,69000,CC-1039,US
EMP-01083,Dennis Scott,POS-4862,Sales Analyst,ORG-141,Sales,2000,2021-02-17,,76000,CC-1046,US
EMP-01084,Jack Campbell,POS-7155,Financial Analyst,ORG-104,Finance,1000,2017-10-25,,77000,CC-1001,US
EMP-01085,Lisa Gonzalez,POS-9113,Sales Representative,ORG-127,Sales,1000,2019-04-14,,64000,CC-1034,US
EMP-01086,Stephen Clark,POS-5820,Sales Representative,ORG-127,Sales,3000,2016-06-07,,69000,CC-1044,US
EMP-01087,Melissa Torres,POS-4349,Logistics Coordinator,ORG-133,Supply Chain,3000,2018-04-17,,64000,CC-1024,US
EMP-01088,Cynthia Wilson,POS-8763,Operations Analyst,ORG-145,Operations,1000,2022-09-28,,81000,CC-1027,US
EMP-01089,James Martin,POS-9810,Logistics Coordinator,ORG-106,Supply Chain,2000,2022-08-05,,65000,CC-1007,US
EMP-01090,Christopher Jones,POS-1231,Planner,ORG-122,Operations,1000,2023-03-24,,87000,CC-1019,MX
EMP-01091,Justin Campbell,POS-5173,Maintenance Tech,ORG-125,Operations,3000,2020-03-27,2024-02-28,65000,CC-1042,US
EMP-01092,Susan Campbell,POS-2676,IT Manager,ORG-136,IT,1000,2017-05-14,,124000,CC-1034,US
EMP-01093,Kevin Torres,POS-8756,HRIS Analyst,ORG-151,HR,1000,2024-06-02,,84000,CC-1001,MX
EMP-01094,Elizabeth Flores,POS-1004,Data Analyst,ORG-155,IT,2000,2025-06-07,,90000,CC-1004,US
EMP-01095,Jason Nelson,POS-2921,Sales Director,ORG-148,Sales,1000,2020-01-09,,159000,CC-1026,US
EMP-01096,Jacob Thompson,POS-4504,Planner,ORG-105,Operations,1000,2019-03-14,,75000,CC-1018,MX
EMP-01097,Brenda Lewis,POS-8133,Sales Director,ORG-135,Sales,3000,2022-05-26,,177000,CC-1012,US
EMP-01098,Cynthia Roberts,POS-4129,Supply Chain Manager,ORG-113,Supply Chain,2000,2022-02-09,,145000,CC-1012,CA
EMP-01099,Betty Lewis,POS-6085,Planner,ORG-137,Operations,2000,2025-04-01,,72000,CC-1024,CA
EMP-01100,Mary Hill,POS-8843,Plant Manager,ORG-141,Operations,2000,2025-10-24,,153000,CC-1045,MX
EMP-01101,Linda Torres,POS-8446,CFO,ORG-140,Finance,2000,2024-05-10,,264000,CC-1031,MX
EMP-01102,Anna Miller,POS-3509,Controller,ORG-157,Finance,3000,2018-01-18,2025-08-28,118000,CC-1012,MX
EMP-01103,Jessica Brown,POS-9914,Sales Representative,ORG-154,Sales,2000,2016-09-28,,70000,CC-1013,US
EMP-01104,Kevin Baker,POS-7000,Operations Analyst,ORG-137,Operations,3000,2026-02-22,,100000,CC-1043,US
EMP-01105,Christine Brown,POS-3416,Senior Accountant,ORG-132,Finance,3000,2023-04-25,2024-06-04,103000,CC-1006,US
EMP-01106,Frank Allen,POS-1052,Account Manager,ORG-153,Sales,2000,2023-03-27,,104000,CC-1036,US
EMP-01107,Larry Hall,POS-2904,AP Specialist,ORG-105,Finance,1000,2024-04-04,,73000,CC-1047,US
EMP-01108,Benjamin Johnson,POS-8542,Software Engineer,ORG-123,IT,1000,2016-06-19,,106000,CC-1047,CA
EMP-01109,Debra Adams,POS-5703,Data Analyst,ORG-124,IT,1000,2023-03-06,,94000,CC-1009,US
EMP-01110,Matthew Moore,POS-8202,Data Analyst,ORG-116,IT,2000,2025-04-08,,113000,CC-1032,US
EMP-01111,Jerry Adams,POS-3793,Benefits Coordinator,ORG-143,HR,1000,2016-12-10,,75000,CC-1038,US
EMP-01112,Anthony Hall,POS-5729,Sales Director,ORG-143,Sales,1000,2022-06-20,,175000,CC-1045,CA
EMP-01113,Catherine Moore,POS-4575,AP Specialist,ORG-116,Finance,2000,2023-05-19,,70000,CC-1003,CA
EMP-01114,Benjamin Lopez,POS-7099,Account Manager,ORG-120,Sales,3000,2022-01-25,2023-11-22,99000,CC-1043,US
EMP-01115,Benjamin Thompson,POS-6516,Senior Accountant,ORG-121,Finance,3000,2025-03-07,,92000,CC-1012,CA
EMP-01116,Cynthia Wright,POS-8478,Software Engineer,ORG-139,IT,3000,2019-11-05,,113000,CC-1045,US
EMP-01117,Ashley Taylor,POS-7572,Supply Chain Manager,ORG-130,Supply Chain,2000,2025-11-08,,140000,CC-1015,MX
EMP-01118,Nicholas Miller,POS-7565,Inside Sales Rep,ORG-136,Sales,3000,2025-12-26,,68000,CC-1011,US
EMP-01119,Scott Hall,POS-3286,Recruiter,ORG-136,HR,1000,2018-11-12,2023-10-24,85000,CC-1022,MX
EMP-01120,Donna Roberts,POS-8546,IT Manager,ORG-110,IT,1000,2018-12-02,,135000,CC-1010,US
EMP-01121,Donna Garcia,POS-2477,Data Analyst,ORG-127,IT,3000,2023-07-24,,110000,CC-1010,US
EMP-01122,Melissa Smith,POS-7456,Account Manager,ORG-130,Sales,3000,2023-12-03,,95000,CC-1031,US
EMP-01123,Alexander Thomas,POS-3187,CFO,ORG-148,Finance,2000,2017-08-19,,206000,CC-1021,CA
EMP-01124,Janet Ramirez,POS-9000,Benefits Coordinator,ORG-122,HR,3000,2018-01-01,,69000,CC-1038,US
EMP-01125,Daniel Roberts,POS-1026,IT Manager,ORG-132,IT,3000,2019-08-02,2024-08-05,131000,CC-1049,US
EMP-01126,Sarah Young,POS-2521,Software Engineer,ORG-127,IT,2000,2021-12-30,,106000,CC-1042,US
EMP-01127,Donna Harris,POS-3941,Buyer,ORG-126,Supply Chain,1000,2021-11-02,2023-10-08,71000,CC-1044,US
EMP-01128,Brian Baker,POS-1200,Procurement Analyst,ORG-125,Supply Chain,1000,2022-09-23,,90000,CC-1009,US
EMP-01129,Ryan Smith,POS-5963,Inside Sales Rep,ORG-103,Sales,2000,2023-05-28,,62000,CC-1048,US
EMP-01130,Laura Allen,POS-9765,Quality Engineer,ORG-154,Operations,2000,2025-01-19,,106000,CC-1012,CA
EMP-01131,Deborah Baker,POS-5224,Senior Accountant,ORG-160,Finance,1000,2020-07-12,,81000,CC-1040,MX
EMP-01132,Michael Robinson,POS-8540,Plant Manager,ORG-131,Operations,2000,2025-09-28,,131000,CC-1039,US
EMP-01133,Carol Baker,POS-5804,Plant Manager,ORG-111,Operations,2000,2021-08-17,,149000,CC-1002,US
EMP-01134,Robert Hill,POS-7491,Controller,ORG-134,Finance,1000,2024-05-04,2024-09-29,146000,CC-1006,US
EMP-01135,Samantha Young,POS-4999,Sales Director,ORG-129,Sales,3000,2017-02-07,2025-02-18,161000,CC-1034,US
EMP-01136,Melissa Williams,POS-2656,DevOps Engineer,ORG-140,IT,2000,2020-07-22,,143000,CC-1047,US
EMP-01137,Catherine Martin,POS-5208,Inside Sales Rep,ORG-160,Sales,3000,2018-12-25,,54000,CC-1048,CA
EMP-01138,Sharon Davis,POS-9422,DevOps Engineer,ORG-119,IT,3000,2016-09-22,2025-12-15,117000,CC-1016,US
EMP-01139,Margaret Carter,POS-4042,Sales Director,ORG-149,Sales,2000,2020-09-05,,180000,CC-1043,US
EMP-01140,Nancy Baker,POS-1306,Maintenance Tech,ORG-113,Operations,2000,2018-12-08,,54000,CC-1009,US
EMP-01141,Samantha Lee,POS-6318,Senior Accountant,ORG-145,Finance,1000,2025-08-03,,87000,CC-1040,US
EMP-01142,Ryan Nguyen,POS-8792,Sales Analyst,ORG-124,Sales,3000,2026-03-01,,72000,CC-1022,US
EMP-01143,Jeffrey Martinez,POS-3785,Inside Sales Rep,ORG-144,Sales,3000,2021-12-06,,58000,CC-1017,US
EMP-01144,Pamela Garcia,POS-2361,Buyer,ORG-122,Supply Chain,1000,2017-12-01,,83000,CC-1034,US
EMP-01145,Kenneth Lewis,POS-3731,Buyer,ORG-139,Supply Chain,3000,2022-05-12,,71000,CC-1037,US
EMP-01146,John Carter,POS-7148,Planner,ORG-115,Operations,3000,2024-10-29,,84000,CC-1025,US
EMP-01147,Richard Sanchez,POS-5740,Data Analyst,ORG-136,IT,1000,2016-08-09,,114000,CC-1011,MX
EMP-01148,Stephanie Scott,POS-5569,Sales Director,ORG-126,Sales,2000,2017-08-31,,180000,CC-1024,US
EMP-01149,Debra Green,POS-7425,Supply Chain Manager,ORG-134,Supply Chain,1000,2016-09-02,,137000,CC-1026,US
EMP-01150,Laura Hernandez,POS-6473,Systems Admin,ORG-134,IT,2000,2018-12-12,2025-08-25,79000,CC-1012,US
EMP-01151,Rebecca Clark,POS-9247,Software Engineer,ORG-108,IT,1000,2019-08-01,,119000,CC-1037,MX
EMP-01152,Michelle Flores,POS-2490,Data Analyst,ORG-130,IT,2000,2026-01-18,,102000,CC-1048,US
EMP-01153,Deborah Scott,POS-8500,Recruiter,ORG-110,HR,2000,2018-03-13,,83000,CC-1016,US
EMP-01154,Betty Lee,POS-4391,IT Manager,ORG-101,IT,3000,2021-02-18,,120000,CC-1030,US
EMP-01155,Donald Lopez,POS-6427,Sales Analyst,ORG-151,Sales,1000,2023-07-24,2025-08-28,79000,CC-1030,MX
EMP-01156,Robert Baker,POS-7313,Buyer,ORG-130,Supply Chain,1000,2017-07-10,,90000,CC-1027,CA
EMP-01157,Jonathan Davis,POS-1388,Inventory Analyst,ORG-134,Supply Chain,2000,2020-11-29,,82000,CC-1047,US
EMP-01158,Patrick Roberts,POS-9381,Controller,ORG-159,Finance,3000,2019-01-08,2024-02-14,133000,CC-1029,US
EMP-01159,Dorothy Carter,POS-7764,HR Business Partner,ORG-123,HR,3000,2022-06-30,,100000,CC-1010,CA
EMP-01160,Anthony Taylor,POS-8507,Controller,ORG-104,Finance,3000,2020-10-16,,142000,CC-1049,US
EMP-01161,Emily Hall,POS-5225,Sales Director,ORG-144,Sales,3000,2023-03-21,2026-03-25,182000,CC-1039,US
EMP-01162,Andrew Johnson,POS-5771,IT Manager,ORG-145,IT,2000,2018-04-11,,139000,CC-1011,US
EMP-01163,Carolyn Lewis,POS-3106,Supply Chain Manager,ORG-151,Supply Chain,1000,2019-06-29,,123000,CC-1019,MX
EMP-01164,Sandra Johnson,POS-1197,DevOps Engineer,ORG-137,IT,2000,2022-03-22,,119000,CC-1047,US
EMP-01165,Eric Sanchez,POS-3553,Sales Analyst,ORG-122,Sales,3000,2016-09-28,,84000,CC-1033,US
EMP-01166,Gary Adams,POS-7223,DevOps Engineer,ORG-130,IT,1000,2018-10-21,,125000,CC-1005,US
EMP-01167,Mark Martinez,POS-2959,Planner,ORG-150,Operations,3000,2024-02-05,,85000,CC-1023,US
EMP-01168,Samantha Smith,POS-4318,Inventory Analyst,ORG-147,Supply Chain,2000,2018-11-09,2025-02-24,88000,CC-1003,US
EMP-01169,Nicholas Jones,POS-9810,Planner,ORG-154,Operations,1000,2017-05-10,,89000,CC-1004,US
EMP-01170,Ashley Taylor,POS-5015,Logistics Coordinator,ORG-141,Supply Chain,1000,2018-07-28,2024-10-17,75000,CC-1046,US
EMP-01171,Stephen Moore,POS-2043,Senior Accountant,ORG-158,Finance,1000,2020-06-11,,101000,CC-1020,US
EMP-01172,Justin Carter,POS-1836,Benefits Coordinator,ORG-134,HR,2000,2017-06-12,,68000,CC-1041,US
EMP-01173,Jeffrey Garcia,POS-4522,Account Manager,ORG-137,Sales,3000,2020-11-03,,88000,CC-1020,US
EMP-01174,Joseph Campbell,POS-8475,Account Manager,ORG-140,Sales,1000,2023-06-25,,102000,CC-1049,US
EMP-01175,Benjamin Lopez,POS-5909,Planner,ORG-118,Operations,2000,2016-07-30,,78000,CC-1035,US
EMP-01176,Brenda Allen,POS-3984,Quality Engineer,ORG-148,Operations,2000,2026-03-26,,89000,CC-1021,CA
EMP-01177,Amy Hernandez,POS-5991,Software Engineer,ORG-143,IT,1000,2016-08-21,,124000,CC-1029,US
EMP-01178,Nancy Gonzalez,POS-6003,Senior Accountant,ORG-132,Finance,2000,2017-09-16,,87000,CC-1034,US
EMP-01179,Brandon Wilson,POS-7491,Recruiter,ORG-112,HR,1000,2016-09-29,,72000,CC-1011,US
EMP-01180,Eric Walker,POS-5413,Inventory Analyst,ORG-149,Supply Chain,1000,2023-05-11,,85000,CC-1031,CA
EMP-01181,Melissa Martinez,POS-6166,Maintenance Tech,ORG-153,Operations,2000,2022-11-07,,67000,CC-1028,US
EMP-01182,James Carter,POS-3292,Sales Representative,ORG-122,Sales,2000,2017-09-14,,83000,CC-1018,US
EMP-01183,Anthony Nelson,POS-1387,Supply Chain Manager,ORG-123,Supply Chain,2000,2021-07-05,,128000,CC-1025,US
EMP-01184,Betty Wilson,POS-2750,HRIS Analyst,ORG-117,HR,1000,2023-07-31,,88000,CC-1011,US
EMP-01185,Patrick Nguyen,POS-8979,Sales Representative,ORG-124,Sales,1000,2023-03-01,2023-08-14,79000,CC-1039,US
EMP-01186,Samantha Perez,POS-5656,Planner,ORG-159,Operations,1000,2021-01-05,2025-08-16,76000,CC-1009,CA
EMP-01187,Karen Martinez,POS-2441,HR Manager,ORG-135,HR,2000,2023-07-22,,123000,CC-1021,US
EMP-01188,Dorothy Scott,POS-2114,HR Manager,ORG-108,HR,3000,2018-04-30,,127000,CC-1048,US
EMP-01189,Jerry Lewis,POS-4730,Logistics Coordinator,ORG-129,Supply Chain,2000,2022-03-30,,65000,CC-1022,US
EMP-01190,Dorothy Taylor,POS-7730,HR Business Partner,ORG-141,HR,2000,2021-11-10,,85000,CC-1032,MX
EMP-01191,Linda Allen,POS-9261,Plant Manager,ORG-102,Operations,2000,2017-06-11,,150000,CC-1035,US
EMP-01192,Samantha Jones,POS-2840,Procurement Analyst,ORG-135,Supply Chain,3000,2024-07-12,2025-11-03,88000,CC-1033,MX
EMP-01193,Brandon Adams,POS-5536,Software Engineer,ORG-127,IT,2000,2021-03-30,,124000,CC-1048,US
EMP-01194,Nancy Adams,POS-8084,HR Manager,ORG-149,HR,1000,2021-10-20,,119000,CC-1037,US
EMP-01195,Deborah Johnson,POS-5241,Senior Accountant,ORG-109,Finance,1000,2019-10-02,,90000,CC-1044,MX
EMP-01196,Katherine Nelson,POS-3500,DevOps Engineer,ORG-157,IT,1000,2017-08-20,,141000,CC-1010,US
EMP-01197,Patricia Wright,POS-6710,HR Business Partner,ORG-134,HR,1000,2022-08-19,,102000,CC-1021,CA
EMP-01198,Betty Martin,POS-4559,Systems Admin,ORG-114,IT,2000,2025-12-31,,96000,CC-1009,MX
EMP-01199,Jessica Harris,POS-4417,CFO,ORG-154,Finance,2000,2025-10-02,,255000,CC-1029,US
EMP-01200,Jerry Harris,POS-9301,HR Business Partner,ORG-111,HR,3000,2018-03-07,,84000,CC-1034,US
EMP-01201,Jessica Young,POS-7801,Inventory Analyst,ORG-120,Supply Chain,1000,2023-12-12,,76000,CC-1006,MX
EMP-01202,Steven Allen,POS-7881,CFO,ORG-124,Finance,2000,2016-09-08,,199000,CC-1007,US
EMP-01203,William Ramirez,POS-2383,Supply Chain Manager,ORG-144,Supply Chain,3000,2019-02-01,2024-11-04,126000,CC-1025,MX
EMP-01204,Janet Adams,POS-3905,Plant Manager,ORG-115,Operations,3000,2026-03-15,2026-04-14,132000,CC-1009,US
EMP-01205,Maria Williams,POS-5801,AP Specialist,ORG-155,Finance,2000,2019-05-19,,71000,CC-1027,MX
EMP-01206,Daniel King,POS-2792,Data Analyst,ORG-159,IT,1000,2025-12-20,,96000,CC-1032,US
EMP-01207,Melissa Taylor,POS-6432,HR Manager,ORG-101,HR,1000,2016-05-03,,104000,CC-1031,US
EMP-01208,Edward Williams,POS-9604,Benefits Coordinator,ORG-146,HR,1000,2024-07-13,,73000,CC-1007,US
EMP-01209,Elizabeth Clark,POS-7800,Financial Analyst,ORG-129,Finance,3000,2021-05-14,,89000,CC-1009,MX
EMP-01210,James Martin,POS-3100,Inside Sales Rep,ORG-116,Sales,2000,2018-12-11,,70000,CC-1035,US
EMP-01211,Carolyn Miller,POS-4215,Inside Sales Rep,ORG-154,Sales,1000,2023-11-05,,67000,CC-1033,US
EMP-01212,Mark Nelson,POS-2724,Financial Analyst,ORG-118,Finance,1000,2023-10-08,,84000,CC-1017,US
EMP-01213,Kevin Rivera,POS-5370,Sales Analyst,ORG-136,Sales,1000,2022-08-17,2023-07-01,76000,CC-1028,US
EMP-01214,Catherine Harris,POS-1234,Procurement Analyst,ORG-111,Supply Chain,1000,2019-03-10,,93000,CC-1003,MX
EMP-01215,Ronald Lee,POS-6634,AP Specialist,ORG-154,Finance,1000,2019-04-03,,65000,CC-1037,US
EMP-01216,Ryan Flores,POS-5576,Planner,ORG-147,Operations,3000,2017-09-08,,77000,CC-1033,CA
EMP-01217,Nancy Taylor,POS-2581,Quality Engineer,ORG-129,Operations,3000,2016-09-13,,108000,CC-1022,MX
EMP-01218,George Ramirez,POS-2549,Procurement Analyst,ORG-108,Supply Chain,1000,2021-03-05,,98000,CC-1008,US
EMP-01219,Thomas Thompson,POS-2359,Quality Engineer,ORG-160,Operations,3000,2024-04-04,,98000,CC-1026,MX
EMP-01220,Angela Gonzalez,POS-6798,Data Analyst,ORG-112,IT,3000,2019-07-26,,108000,CC-1050,US
EMP-01221,Shirley Brown,POS-9697,HR Manager,ORG-144,HR,1000,2022-02-08,,122000,CC-1011,US
EMP-01222,Samantha Flores,POS-7947,Data Analyst,ORG-139,IT,1000,2023-03-08,,101000,CC-1004,CA
EMP-01223,Emily Harris,POS-6274,Benefits Coordinator,ORG-129,HR,1000,2018-03-19,,76000,CC-1020,US
EMP-01224,Brenda Nelson,POS-2094,Operations Analyst,ORG-139,Operations,1000,2017-11-01,,100000,CC-1027,US
EMP-01225,Christopher Carter,POS-7865,Systems Admin,ORG-141,IT,2000,2019-09-03,,91000,CC-1013,US
EMP-01226,Mark Moore,POS-3487,Systems Admin,ORG-147,IT,1000,2021-05-01,,75000,CC-1010,US
EMP-01227,Mary Green,POS-8718,AP Specialist,ORG-106,Finance,1000,2018-11-24,2025-11-07,62000,CC-1029,US
EMP-01228,Karen Jones,POS-1671,Supply Chain Manager,ORG-160,Supply Chain,2000,2016-11-27,,151000,CC-1017,US
EMP-01229,Justin Hernandez,POS-9566,Buyer,ORG-114,Supply Chain,1000,2025-04-24,,88000,CC-1047,US
EMP-01230,George Thomas,POS-7908,Buyer,ORG-127,Supply Chain,1000,2019-02-24,,90000,CC-1007,MX
EMP-01231,Patrick Campbell,POS-7875,Maintenance Tech,ORG-121,Operations,3000,2016-12-04,2023-11-15,66000,CC-1017,CA
EMP-01232,Carolyn Young,POS-8106,DevOps Engineer,ORG-137,IT,3000,2023-04-29,,126000,CC-1007,CA
EMP-01233,Gary Scott,POS-7268,HRIS Analyst,ORG-133,HR,1000,2019-07-23,,86000,CC-1007,US
EMP-01234,Richard Torres,POS-6909,Financial Analyst,ORG-115,Finance,3000,2018-10-05,,89000,CC-1046,CA
EMP-01235,Ronald Rivera,POS-8212,Procurement Analyst,ORG-150,Supply Chain,2000,2019-11-16,,82000,CC-1034,US
EMP-01236,Benjamin Mitchell,POS-1395,Sales Representative,ORG-111,Sales,3000,2022-08-13,,68000,CC-1007,US
EMP-01237,Patricia Campbell,POS-6636,Sales Director,ORG-143,Sales,2000,2023-07-08,2024-10-19,161000,CC-1018,US
EMP-01238,Rachel Green,POS-9966,Operations Analyst,ORG-149,Operations,3000,2022-09-11,,82000,CC-1048,US
EMP-01239,Daniel Young,POS-4728,Controller,ORG-134,Finance,2000,2017-01-04,,131000,CC-1020,US
EMP-01240,Samantha Sanchez,POS-7270,Planner,ORG-111,Operations,1000,2023-05-03,,79000,CC-1046,US
EMP-01241,Jeffrey White,POS-4109,Data Analyst,ORG-107,IT,3000,2022-10-28,,95000,CC-1033,MX
EMP-01242,Dennis Scott,POS-2244,Recruiter,ORG-144,HR,1000,2025-04-04,,73000,CC-1006,MX
EMP-01243,Raymond Sanchez,POS-6796,Operations Analyst,ORG-134,Operations,2000,2024-10-24,,95000,CC-1025,US
EMP-01244,Emily Flores,POS-8250,HR Business Partner,ORG-114,HR,1000,2023-07-19,,90000,CC-1036,US
EMP-01245,Patricia Young,POS-8214,Data Analyst,ORG-114,IT,3000,2017-03-15,,92000,CC-1014,US
EMP-01246,John Flores,POS-4149,Inside Sales Rep,ORG-135,Sales,2000,2024-03-20,,61000,CC-1034,US
EMP-01247,Deborah Mitchell,POS-8066,Maintenance Tech,ORG-116,Operations,2000,2022-03-20,,68000,CC-1016,US
EMP-01248,Frank Rodriguez,POS-3109,Operations Analyst,ORG-137,Operations,1000,2017-07-05,,97000,CC-1033,MX
EMP-01249,Susan Hill,POS-4669,IT Manager,ORG-141,IT,2000,2023-04-15,,145000,CC-1037,MX
EMP-01250,Jeffrey Young,POS-1362,Benefits Coordinator,ORG-110,HR,3000,2021-04-11,,60000,CC-1036,US
EMP-01251,Kathleen Rivera,POS-5523,Software Engineer,ORG-104,IT,3000,2023-06-24,,122000,CC-1047,US
EMP-01252,Sharon Rivera,POS-6076,Systems Admin,ORG-128,IT,3000,2018-06-27,,77000,CC-1044,US
EMP-01253,Angela Clark,POS-6152,DevOps Engineer,ORG-137,IT,1000,2019-06-21,,143000,CC-1004,MX
EMP-01254,Jessica Roberts,POS-3641,AP Specialist,ORG-126,Finance,3000,2024-02-14,,57000,CC-1016,CA
EMP-01255,Daniel Lopez,POS-2459,CFO,ORG-121,Finance,1000,2021-10-12,,246000,CC-1037,MX
EMP-01256,Edward Harris,POS-3998,Buyer,ORG-121,Supply Chain,1000,2022-10-25,,73000,CC-1023,US
EMP-01257,Steven Young,POS-4713,Senior Accountant,ORG-112,Finance,2000,2019-01-17,,88000,CC-1041,US
EMP-01258,Richard King,POS-1969,Plant Manager,ORG-103,Operations,3000,2022-02-13,,163000,CC-1007,US
EMP-01259,Shirley Smith,POS-7141,Controller,ORG-101,Finance,1000,2024-05-15,,132000,CC-1013,US
EMP-01260,Jonathan Wilson,POS-3534,Plant Manager,ORG-158,Operations,3000,2022-02-09,,163000,CC-1037,US
EMP-01261,Jerry Lopez,POS-1497,Recruiter,ORG-128,HR,3000,2025-11-14,,82000,CC-1035,CA
EMP-01262,Jessica Martin,POS-9494,Plant Manager,ORG-111,Operations,1000,2025-03-09,,141000,CC-1032,US
EMP-01263,Brandon Perez,POS-8338,Sales Analyst,ORG-150,Sales,1000,2018-10-21,,83000,CC-1036,US
EMP-01264,Charles Thomas,POS-6870,Account Manager,ORG-102,Sales,1000,2020-12-01,,108000,CC-1043,MX
EMP-01265,Richard King,POS-9715,Controller,ORG-136,Finance,3000,2021-11-19,,153000,CC-1049,US
EMP-01266,Michelle Rodriguez,POS-7984,Account Manager,ORG-140,Sales,2000,2021-06-04,2023-11-21,94000,CC-1025,US
EMP-01267,Michelle Scott,POS-5705,Sales Analyst,ORG-131,Sales,3000,2018-06-20,2023-10-21,73000,CC-1004,US
EMP-01268,Donna Nguyen,POS-6138,Inventory Analyst,ORG-141,Supply Chain,3000,2025-10-07,,80000,CC-1035,US
EMP-01269,Deborah Gonzalez,POS-8107,Planner,ORG-152,Operations,3000,2020-08-08,,69000,CC-1034,MX
EMP-01270,Debra Hall,POS-4042,Senior Accountant,ORG-160,Finance,1000,2018-04-25,,84000,CC-1021,US
EMP-01271,Anthony Torres,POS-7250,Inventory Analyst,ORG-159,Supply Chain,1000,2018-07-29,2024-08-26,68000,CC-1008,CA
EMP-01272,Raymond Perez,POS-7585,Systems Admin,ORG-123,IT,1000,2024-07-22,,92000,CC-1010,US
EMP-01273,Dorothy Ramirez,POS-6074,Inventory Analyst,ORG-157,Supply Chain,1000,2016-06-13,,83000,CC-1042,MX
EMP-01274,Frank Smith,POS-4104,Inside Sales Rep,ORG-153,Sales,2000,2023-06-18,,61000,CC-1039,US
EMP-01275,Jennifer Hall,POS-2155,Account Manager,ORG-114,Sales,3000,2025-01-08,,104000,CC-1008,US
EMP-01276,William Lopez,POS-5202,HR Manager,ORG-147,HR,3000,2018-04-15,,109000,CC-1045,US
EMP-01277,Andrew Torres,POS-4311,Plant Manager,ORG-125,Operations,1000,2020-01-31,,158000,CC-1032,US
EMP-01278,Robert Walker,POS-7358,Sales Representative,ORG-102,Sales,1000,2025-05-14,2025-12-23,65000,CC-1049,US
EMP-01279,Brandon White,POS-1672,Account Manager,ORG-149,Sales,3000,2020-08-28,,98000,CC-1050,CA
EMP-01280,Patrick Lee,POS-6592,AP Specialist,ORG-109,Finance,2000,2024-05-03,,56000,CC-1023,US
EMP-01281,Linda Sanchez,POS-2042,Account Manager,ORG-132,Sales,1000,2024-03-29,,112000,CC-1041,US
EMP-01282,Jeffrey Johnson,POS-9659,Sales Representative,ORG-138,Sales,2000,2020-01-23,,81000,CC-1011,US
EMP-01283,Linda Davis,POS-1286,Procurement Analyst,ORG-134,Supply Chain,3000,2018-03-23,,84000,CC-1011,MX
EMP-01284,Robert Martinez,POS-1957,Senior Accountant,ORG-100,Finance,2000,2017-09-07,,81000,CC-1037,US
EMP-01285,Benjamin Williams,POS-8805,HRIS Analyst,ORG-141,HR,3000,2019-01-27,,78000,CC-1025,US
EMP-01286,Laura Mitchell,POS-8454,Systems Admin,ORG-122,IT,2000,2024-08-02,,87000,CC-1030,US
EMP-01287,Charles Jackson,POS-5214,Logistics Coordinator,ORG-124,Supply Chain,1000,2022-03-06,,81000,CC-1048,US
EMP-01288,Charles Williams,POS-4718,Inside Sales Rep,ORG-134,Sales,2000,2024-11-25,,67000,CC-1041,US
EMP-01289,Rebecca Clark,POS-8594,Inside Sales Rep,ORG-124,Sales,2000,2022-07-08,2026-04-11,62000,CC-1021,US
EMP-01290,Anthony Thomas,POS-6954,Data Analyst,ORG-160,IT,2000,2020-02-27,,102000,CC-1049,MX
EMP-01291,Donna Wilson,POS-8410,Account Manager,ORG-134,Sales,2000,2016-12-18,,99000,CC-1050,MX
EMP-01292,Betty Wilson,POS-7296,Planner,ORG-142,Operations,3000,2021-06-18,2024-06-17,88000,CC-1012,CA
EMP-01293,Deborah Torres,POS-3553,Logistics Coordinator,ORG-147,Supply Chain,3000,2021-10-18,,67000,CC-1037,MX
EMP-01294,Edward Lee,POS-8973,Account Manager,ORG-108,Sales,2000,2019-06-17,,110000,CC-1049,US
EMP-01295,Robert Baker,POS-1864,Financial Analyst,ORG-100,Finance,2000,2016-09-28,,69000,CC-1006,US
EMP-01296,Betty Mitchell,POS-6946,Data Analyst,ORG-104,IT,3000,2022-10-07,,94000,CC-1038,CA
EMP-01297,Carol Rivera,POS-3618,IT Manager,ORG-151,IT,1000,2024-06-22,,129000,CC-1027,US
EMP-01298,Edward Hernandez,POS-5607,HRIS Analyst,ORG-144,HR,3000,2016-10-17,,93000,CC-1016,CA
EMP-01299,Charles Lewis,POS-8746,Financial Analyst,ORG-124,Finance,2000,2020-12-15,,71000,CC-1011,MX
EMP-01300,George Lewis,POS-1325,HRIS Analyst,ORG-157,HR,2000,2018-10-09,,81000,CC-1037,US
EMP-01301,David White,POS-7449,Senior Accountant,ORG-119,Finance,1000,2025-01-22,,85000,CC-1043,US
EMP-01302,Emily Rivera,POS-9105,Controller,ORG-151,Finance,1000,2019-05-01,,141000,CC-1038,US
EMP-01303,Steven Gonzalez,POS-1384,HR Manager,ORG-157,HR,2000,2022-09-25,,137000,CC-1011,US
EMP-01304,Donna Taylor,POS-8505,Inside Sales Rep,ORG-117,Sales,3000,2025-05-28,2026-04-12,60000,CC-1022,US
EMP-01305,Mary Mitchell,POS-8702,HR Business Partner,ORG-112,HR,2000,2021-12-13,,89000,CC-1003,US
EMP-01306,Timothy Perez,POS-7955,Planner,ORG-150,Operations,2000,2018-05-16,,87000,CC-1022,US
EMP-01307,Dorothy Scott,POS-8370,Systems Admin,ORG-105,IT,3000,2025-05-09,,79000,CC-1043,CA
EMP-01308,Joseph Johnson,POS-7117,Software Engineer,ORG-111,IT,1000,2024-07-30,,107000,CC-1037,MX
EMP-01309,Barbara Smith,POS-2153,Procurement Analyst,ORG-121,Supply Chain,1000,2019-10-09,,92000,CC-1041,CA
EMP-01310,Benjamin Perez,POS-3272,Procurement Analyst,ORG-103,Supply Chain,1000,2017-12-09,,89000,CC-1006,US
EMP-01311,Elizabeth Smith,POS-2301,Account Manager,ORG-145,Sales,2000,2022-09-17,,91000,CC-1041,US
EMP-01312,Betty Rivera,POS-5719,Sales Analyst,ORG-130,Sales,3000,2018-09-21,2024-05-04,80000,CC-1038,MX
EMP-01313,Nicholas Smith,POS-3357,Senior Accountant,ORG-116,Finance,3000,2019-11-08,,107000,CC-1013,US
EMP-01314,Barbara Gonzalez,POS-3661,IT Manager,ORG-114,IT,2000,2019-03-07,,146000,CC-1038,US
EMP-01315,Samantha Jackson,POS-4944,Systems Admin,ORG-122,IT,3000,2026-03-24,,78000,CC-1042,CA
EMP-01316,Andrew Carter,POS-6639,Software Engineer,ORG-131,IT,3000,2025-08-17,,101000,CC-1040,MX
EMP-01317,Gregory Carter,POS-2445,Buyer,ORG-147,Supply Chain,2000,2019-09-16,,70000,CC-1050,CA
EMP-01318,Debra Hill,POS-6227,Procurement Analyst,ORG-146,Supply Chain,2000,2022-04-16,,88000,CC-1048,MX
EMP-01319,Joshua Carter,POS-4117,Sales Director,ORG-147,Sales,1000,2019-09-20,,170000,CC-1011,US
EMP-01320,Cynthia Robinson,POS-8608,Quality Engineer,ORG-157,Operations,2000,2024-08-04,,99000,CC-1010,MX
EMP-01321,Patricia Rodriguez,POS-3447,Quality Engineer,ORG-140,Operations,2000,2022-03-16,,114000,CC-1001,US
EMP-01322,Daniel Martinez,POS-7410,Recruiter,ORG-101,HR,2000,2024-08-16,2025-09-21,69000,CC-1018,US
EMP-01323,Christopher Martin,POS-9177,HR Manager,ORG-131,HR,2000,2021-06-04,,111000,CC-1011,US
EMP-01324,Amanda Miller,POS-5740,Controller,ORG-138,Finance,1000,2023-09-01,,145000,CC-1034,CA
EMP-01325,Rebecca Young,POS-6089,Controller,ORG-121,Finance,3000,2019-05-15,,142000,CC-1028,US
EMP-01326,Shirley Jackson,POS-3099,Maintenance Tech,ORG-155,Operations,2000,2019-12-19,,69000,CC-1031,US
EMP-01327,Rebecca Thomas,POS-6120,IT Manager,ORG-158,IT,3000,2020-12-18,,144000,CC-1018,US
EMP-01328,Kevin Hall,POS-4750,Data Analyst,ORG-150,IT,3000,2019-08-28,,113000,CC-1040,US
EMP-01329,Gary Torres,POS-2566,Sales Representative,ORG-156,Sales,2000,2017-11-22,2026-01-21,70000,CC-1010,US
EMP-01330,Cynthia Hill,POS-4165,Supply Chain Manager,ORG-124,Supply Chain,2000,2018-04-28,,120000,CC-1010,US
EMP-01331,Jacob Thomas,POS-8906,Software Engineer,ORG-152,IT,3000,2024-08-31,,110000,CC-1018,CA
EMP-01332,Kenneth Hill,POS-4083,Recruiter,ORG-141,HR,3000,2019-07-09,2024-05-25,83000,CC-1008,US
EMP-01333,Shirley Allen,POS-1178,Operations Analyst,ORG-127,Operations,2000,2023-05-18,2025-09-27,97000,CC-1014,US
EMP-01334,David White,POS-3571,Account Manager,ORG-124,Sales,3000,2021-04-28,,98000,CC-1049,US
EMP-01335,Ryan Moore,POS-3105,DevOps Engineer,ORG-110,IT,2000,2026-02-11,,124000,CC-1008,US
EMP-01336,Kathleen White,POS-1417,IT Manager,ORG-124,IT,3000,2021-06-08,,149000,CC-1042,US
EMP-01337,Brandon Carter,POS-1645,Controller,ORG-148,Finance,3000,2025-09-05,2025-09-21,130000,CC-1047,MX
EMP-01338,William Rodriguez,POS-4850,Software Engineer,ORG-160,IT,1000,2017-11-03,,116000,CC-1024,CA
EMP-01339,Edward Perez,POS-9596,CFO,ORG-103,Finance,2000,2019-02-09,,224000,CC-1026,US
EMP-01340,Elizabeth Wilson,POS-5272,Account Manager,ORG-158,Sales,1000,2023-08-15,,89000,CC-1004,US
EMP-01341,Michael Adams,POS-4588,Logistics Coordinator,ORG-102,Supply Chain,1000,2024-08-04,,71000,CC-1009,US
EMP-01342,Dennis Green,POS-5745,Buyer,ORG-148,Supply Chain,2000,2026-01-15,,71000,CC-1043,MX
EMP-01343,William Williams,POS-9052,DevOps Engineer,ORG-114,IT,1000,2022-05-21,,109000,CC-1045,US
EMP-01344,Angela Hernandez,POS-5610,Account Manager,ORG-100,Sales,2000,2020-01-25,,90000,CC-1024,US
EMP-01345,Betty Carter,POS-5265,HR Manager,ORG-120,HR,2000,2024-12-19,2025-10-23,115000,CC-1042,US
EMP-01346,Katherine Nelson,POS-1682,Benefits Coordinator,ORG-107,HR,2000,2017-04-13,,62000,CC-1007,MX
EMP-01347,Betty Carter,POS-4511,HR Manager,ORG-143,HR,3000,2017-02-18,2024-08-04,132000,CC-1020,US
EMP-01348,Larry Taylor,POS-4545,DevOps Engineer,ORG-100,IT,1000,2016-08-27,,109000,CC-1022,US
EMP-01349,Deborah Campbell,POS-3707,Quality Engineer,ORG-138,Operations,2000,2020-12-02,,114000,CC-1036,US
